mse,mae,rmse
215959.79425427612,362.10495411807284,464.71474503643213
224993.97458523329,368.4770178235828,474.335297637898
224099.8320393221,368.3684470554402,473.3918377404939
218420.38176226278,362.33731566064165,467.35466378571937
243406.71628044936,384.725388777667,493.3626620250557
