mse,mae,rmse
239180.01591998528,386.0054339441929,489.06033975368035
240076.38757321762,386.9690741306259,489.97590509454403
270812.2592051989,415.33061348378186,520.3962521052576
231972.01257339527,376.74757735542204,481.63472940953426
237662.5490246471,381.6054428644364,487.5064604952914
