mse,mae,rmse
2282469.5148236686,1422.4918604680838,1510.7844038193102
2282115.7241244675,1422.3649936617805,1510.6673108677726
2281597.3183444357,1422.1970050023028,1510.495719406194
2282019.826794055,1422.3356575273922,1510.6355704782193
2282480.925102328,1422.502429006661,1510.788180090885
