mse,mae,rmse
273482.3848557219,411.0725080928283,522.9554329536331
273457.7458210021,411.0441239179322,522.9318749330567
273429.8546407817,411.02312053765263,522.9052061710437
273599.9239421733,411.16099021310737,523.0678005212836
272573.0203485237,410.2512683792775,522.0852615699123
