mse,mae,rmse
1843432.3113113404,1266.0819620138802,1357.7305739031365
1842407.4672766163,1265.6903342709727,1357.3531107551255
1842817.6889181647,1265.8485541441655,1357.5042132229885
1842995.7401534105,1265.9148394275653,1357.569792000916
1842921.0276905596,1265.8826637851103,1357.5422747342197
