mse,mae,rmse
251387.55446051023,387.68909502052554,501.3856344776047
250498.7570026091,387.0731342517084,500.4985084918926
240624.43777636168,377.43922197931363,490.53484868698337
257026.50569104406,391.8968358036604,506.9778157780122
251055.66727326205,387.45831492048296,501.0545551866204
