mse_norm,mae_norm,rmse_norm,mse,mae,rmse
0.0077365590946241476,0.06661356172615797,0.08795771196787777,175230.58819836078,317.02513133315585,418.60552815074095
0.00805993271757304,0.06832901926924402,0.08977712803143705,182554.89729548167,325.1892819775696,427.26443485911824
0.008449126916669162,0.07013155426092663,0.09191913248431559,191370.02138319044,333.7678488288657,437.4585939071153
0.008043152756755548,0.06877532278766162,0.08968362591217835,182174.83655167668,327.31331540071005,426.81944256521007
0.007783737818899025,0.06784390390995214,0.08822549415502882,176299.17120845884,322.88053648331913,419.87994856680024
