mse_norm,mae_norm,rmse_norm,mse,mae,rmse
0.007357322120838553,0.06425817120165375,0.08577483384325821,166640.99207814335,305.81543212143214,408.21684443215145
0.0074883321386594835,0.06488571276030485,0.08653514972922555,169608.32706542363,308.8020078260344,411.83531546653893
0.007755184459690009,0.06697494283960276,0.08806352513776637,175652.44675795836,318.74500476406655,419.1091108028533
0.0077853789277270114,0.06740586202487324,0.08823479431452771,176336.3417983436,320.79582156119193,419.9242095882823
0.007473185439626022,0.06596130622085272,0.08644758781843494,169265.25917846838,313.92093780448323,411.4185936226854
