mse_norm,mae_norm,rmse_norm,mse,mae,rmse
0.007501333807708521,0.06612600661850244,0.08661024077849294,169902.81070952924,314.7047746665651,412.1926863852987
0.00854803031853874,0.07276105634908919,0.09245555861352384,193610.15179161294,346.2820910227822,440.01153597560705
0.007413966734721015,0.06497439062731156,0.08610439439843366,167923.9744592629,309.22404069300114,409.7852784804048
0.0074224666688865615,0.06525047992083904,0.0861537385659297,168116.49524857753,310.5379960238998,410.0201156633386
0.008559498412572532,0.07218416341926051,0.09251755732061094,193869.9004522871,343.5365606517153,440.3065982384174
