mse_norm,mae_norm,rmse_norm,mse,mae,rmse
0.008674302672257387,0.07256737359941473,0.09313593652429435,196470.1802027815,345.3603222783794,443.24956875645296
0.00911366282273808,0.07481537623358457,0.09546550593139953,206421.5470388662,356.0589444788362,454.33638093252694
0.009283787559683957,0.07566262129442482,0.09635241335682235,210274.81789965907,360.0911260605452,458.5573223705615
0.00864402768795026,0.07188569443273855,0.09297326329623082,195784.461494639,342.11609660206744,442.47537953499625
0.008607552706388381,0.07256085162367432,0.09277689748201533,194958.31483235164,345.3292831001389,441.5408416356879
