mse_norm,mae_norm,rmse_norm,mse,mae,rmse
0.00744613231303245,0.06504374488605044,0.08629097469047646,168652.51451671167,309.5541092618549,410.67324543572556
0.007670157567635572,0.06632731805339541,0.08757943575769127,173726.6148570904,315.6628496055418,416.80524811606006
0.007649465572151818,0.06626289385776878,0.08746122324865928,173257.9477797413,315.3562440352898,416.2426549258753
0.007559146010837395,0.0658284420705508,0.08694334943419994,171212.2386135124,313.2886149920192,413.7780064400625
0.0077692200297176505,0.06662637244129678,0.08814317914460341,175970.34792843505,317.0860996787015,419.488197603264
