mse_norm,mae_norm,rmse_norm,mse,mae,rmse
0.007790724214006162,0.06795718442688617,0.08826507924432041,176457.41082235394,323.4196574945351,420.06834065703396
0.007334757660792688,0.06457979172547978,0.08564319973467063,166129.91427755335,307.3460782265681,407.590375594853
0.007415776335434493,0.06419323628077764,0.08611490193592798,167964.96133644547,305.50639592391605,409.83528561660654
0.007586595693009327,0.06605458437839339,0.08710106596942041,171833.96513224192,314.36486422694975,414.5286059275547
0.007344499330363084,0.06472513508617818,0.0857000544361734,166350.5599764973,308.0377916978165,407.8609566708945
